Kirestin F. Cannon|Ap #937-1445 Est Avenue|Green River|MN|01605|cannon@aulnet|1230000|663-838-4422|90588|NULL
Ignacia C. Aguirre|518-1327 Aliquet St.|Vermillion|MD|81393|ignacia.aguirre@widget.com|1230001|199-652-3908|52899|NULL
Drew F. Barker|705-1970 Ullamcorper, St.|Nichols Hills|DE|55837|NULL|1230002|232-221-7821|85508|NULL
Dara D. Young|295-858 Magnis St.|North Pole|VT|05851|dara.young@aulnet|1230003|799-821-0508|45872|NULL
Gage B. Austin|P.O. Box 187, 641 Et, St.|Meadville|KS|23429|gagea@widget.com|1230004|372-971-8908|63489|NULL
Charity V. Pope|1077 Montes, Ave|Saint Paul|CO|65987|pope@widget.com|1230005|439-467-4544|51553|NULL
Jermaine G. Mcconnell|8251 Amet, Ave|Farmer City|PA|58534|mcconnell@aulnet|1230006|134-866-7024|60595|NULL
Roanna Z. Wilcox|Ap #512-4397 Ipsum. Rd.|Georgetown|MN|29078|roanna.wilcox@xyz.edu|1230007|613-746-4122|27425|NULL
Keaton P. Preston|Ap #575-1630 Tristique Ave|Chandler|WY|48168|NULL|1230008|236-759-4969|18931|NULL
Tanek E. Carter|7559 Magna. Avenue|Nacogdoches|LA|52307|NULL|1230009|214-127-6926|47329|NULL
Christine G. Delgado|470-5489 Egestas St.|Fajardo|FL|55608|NULL|1230010|906-219-1478|49304|NULL
Xena S. Keller|4146 Libero Ave|Spokane|KY|60655|xkeller@widget.com|1230011|317-217-6396|62182|NULL
Harriet J. Gamble|4526 Sed Street|La Palma|NH|47683|hgamble@aulnet|1230012|758-371-9917|72247|NULL
Iris F. Oconnor|Ap #364-8129 Posuere St.|South Bend|DE|76113|ioconnor@bpmpros.com|1230013|897-646-8258|32252|NULL
Odette U. Madden|P.O. Box 188, 3083 Nulla Street|Miami Beach|MD|53720|madden@emailathome.net|1230014|934-732-3872|23960|NULL
Eleanor H. Bernard|P.O. Box 254, 8605 Urna Rd.|Beckley|IL|62016|NULL|1230015|746-681-4117|16226|NULL
Sybil C. Zimmerman|260-6936 Maecenas St.|Kearns|KY|67129|NULL|1230016|246-993-5739|105386|NULL
Keane Z. Potter|P.O. Box 616, 8043 Faucibus Ave|Klamath Falls|PA|10477|NULL|1230017|507-744-6461|32848|NULL
Aaron D. Chang|P.O. Box 938, 6383 Fringilla Avenue|Clarksburg|MO|29539|aaron.chang@xyz.edu|1230018|907-505-2588|16057|NULL
Jermaine F. Beach|103-1261 Amet St.|Kansas City|WA|41271|NULL|1230019|701-718-2224|94436|NULL
Beverly W. Estes|P.O. Box 153, 5476 Nunc Street|Hickory|AK|04446|beverlye@email.net|1230020|717-528-1363|72745|NULL
Timon L. Roy|635-4054 Duis St.|Glendora|NC|76570|troy@hitmail.com|1230021|916-734-1513|98403|NULL
Rama M. Paul|7061 Nisl. Rd.|Moreno Valley|HI|59926|rpaul@widget.com|1230022|584-585-1585|77127|NULL
Hamilton Z. Mosley|Ap #766-1296 Sed Road|Covington|ND|81740|hamiltonm@widget.com|1230023|777-352-7369|99298|NULL
Kevyn O. Horne|Ap #258-5311 Aliquam St.|Danbury|VA|54245|NULL|1230024|997-764-9257|72184|NULL
Dale M. Murray|P.O. Box 729, 2058 Eu, St.|Merizo|UT|73138|dmurray@email.net|1230025|484-471-0450|78349|NULL
Ariana G. Preston|823 Sit Road|Little Rock|SC|36414|preston@emailathome.net|1230026|838-677-0141|34802|NULL
Tyrone G. Osborne|8534 Cursus Ave|Baltimore|ME|83857|osborne@hitmail.com|1230027|598-972-8484|62052|NULL
Zelenia R. Wheeler|490-4658 Mauris Av.|Burlingame|MD|79263|zelenia.wheeler@yohaa.com|1230028|221-729-7005|55531|NULL
Willow X. Ball|Ap #231-8720 Ac, Avenue|West Palm Beach|NH|96275|NULL|1230029|548-769-4882|97826|NULL
Walter H. Rich|P.O. Box 864, 7926 Nisi Av.|Savannah|WY|59856|walterr@abc.edu|1230030|132-671-4409|41479|NULL
Theodore D. Byers|778-6919 Ac Avenue|Oswego|NJ|61211|theodore.byers@xyz.edu|1230031|177-209-8802|38580|NULL
Berk N. Conrad|Ap #870-2221 Curabitur Street|Cairo|NM|23285|berkc@yohaa.com|1230032|596-674-8837|76322|NULL
Jakeem X. Barnes|604-5611 Dictum Street|Boulder|MA|06020|NULL|1230033|306-803-4763|70739|NULL
Aphrodite G. Brewer|P.O. Box 165, 3788 Sociis St.|Melrose|NY|07803|brewer@abc.edu|1230034|934-231-0425|34133|NULL
Tiger U. Stafford|P.O. Box 535, 1133 Mi. Avenue|Cedarburg|NV|14321|tigers@hitmail.com|1230035|235-169-2093|56565|NULL
Casey Q. Sexton|139-6672 Semper Ave|Kennesaw|MT|02226|caseys@bpmpros.com|1230036|657-883-9412|61527|NULL
Ashton Y. Lewis|Ap #384-735 Egestas Road|Yonkers|LA|84097|lewis@bpmpros.com|1230037|324-972-7637|22222|NULL
Kennan O. Vaughn|863-8257 Justo. Rd.|Basin|DC|56441|NULL|1230038|538-863-7335|109878|NULL
Raya B. Everett|Ap #941-6598 Sociis St.|Cape Girardeau|RI|93249|reverett@bpmpros.com|1230039|781-329-1919|43684|NULL
Liberty H. Johnston|739-9545 Quisque Ave|Allentown|NY|40334|libertyj@abc.edu|1230040|685-375-5047|101595|NULL
Nayda F. Mendoza|Ap #710-8541 Nisl St.|Thibodaux|ME|04045|naydam@abc.edu|1230041|489-964-3499|56098|NULL
Ivy I. Mejia|Ap #494-3352 Aliquet, Street|Bell Gardens|CO|59854|ivy.mejia@hitmail.com|1230042|909-388-3526|105616|NULL
Dawn K. Lara|Ap #859-3720 Velit St.|Falls Church|IN|38398|lara@emailathome.net|1230043|243-142-4207|92019|NULL
Giselle T. Golden|P.O. Box 374, 123 Sit Av.|Taunton|DE|40589|ggolden@xyz.edu|1230044|878-111-1625|100653|NULL
Fatima S. Franco|351-5264 Quam. Rd.|Newport Beach|NH|78619|franco@bpmpros.com|1230045|299-177-0972|65058|NULL
Aidan L. Savage|P.O. Box 103, 7830 Ridiculus St.|New Kensington|IN|88767|NULL|1230046|477-676-7428|53016|NULL
Alana Y. Bass|431-9949 Rutrum. Av.|Liberal|LA|60359|abass@emailathome.net|1230047|216-583-1688|28483|NULL
Brenden O. Padilla|260-6170 Mollis Ave|Selma|NE|93454|NULL|1230048|804-929-4126|86386|NULL
Callie X. Lynch|469-9937 Vel Street|Tupelo|NJ|12005|callie.lynch@emailathome.net|1230049|561-374-1946|18500|NULL
Nina U. Francis|Ap #212-1125 Nullam Av.|Brownsville|NE|17729|francis@abc.edu|1230050|835-396-5607|71692|NULL
Ima Q. Hernandez|990-5787 Dictum Ave|Bradbury|CO|67274|ihernandez@bpmpros.com|1230051|904-839-0246|106209|NULL
Juliet O. Herrera|P.O. Box 156, 5521 Velit Av.|New Bedford|AZ|18985|jherrera@hitmail.com|1230052|251-265-9930|42502|NULL
Sonia G. Parks|3052 Vitae, St.|Wausau|WY|64635|soniap@widget.com|1230053|424-949-0665|70021|NULL
Madison Q. Stein|246-1149 Nunc. Ave|Ketchikan|WI|97851|stein@yohaa.com|1230054|597-912-9619|35319|NULL
Rebekah U. Jacobs|395-867 Aliquet Road|Rock Island|MO|45643|rebekah.jacobs@widget.com|1230055|505-193-9048|78505|NULL
Lyle W. Savage|Ap #837-6325 Urna Street|Boulder|DE|68014|lyles@hitmail.com|1230056|758-254-1461|62900|NULL
Brady E. Whitehead|P.O. Box 219, 818 Faucibus Av.|Racine|WV|14672|NULL|1230057|787-436-5997|47471|NULL
Maile V. Stafford|P.O. Box 524, 6173 Velit Av.|Bellflower|NJ|53667|mstafford@bpmpros.com|1230058|331-128-4640|63702|NULL
Ishmael W. Sanchez|Ap #837-5117 Odio Ave|Portsmouth|IN|88541|ishmael.sanchez@abc.edu|1230059|319-551-6790|48261|NULL
Illana W. Cameron|Ap #952-6289 Metus. Avenue|Irwindale|RI|02990|illana.cameron@bpmpros.com|1230060|543-753-3039|87068|NULL
Doris C. Wright|5751 In St.|Belpre|OH|12823|dwright@email.net|1230061|113-277-3426|87178|NULL
Dalton R. White|Ap #190-9363 Velit Street|San Fernando|AK|70583|NULL|1230062|416-529-6960|56856|NULL
Steel F. Nicholson|1045 Nunc Rd.|Stillwater|NE|32310|NULL|1230063|479-611-2622|41056|NULL
Dorian H. Townsend|9155 Vel Ave|Tallahassee|NJ|43126|dtownsend@emailathome.net|1230064|458-596-3573|96248|NULL
Halla C. Nash|P.O. Box 957, 6510 Mus. Avenue|Salt Lake City|WA|53696|hnash@hitmail.com|1230065|823-382-7770|45022|NULL
Inez E. Hopkins|513-432 At St.|Fairmont|MA|32785|inezh@yohaa.com|1230066|483-215-4961|84034|NULL
Hamish B. Compton|P.O. Box 659, 7366 Mauris Rd.|Lawrenceville|CA|44886|compton@bpmpros.com|1230067|663-955-1605|76155|NULL
Quamar J. Molina|957-4631 Mollis Av.|Newport|NH|69814|quamarm@xyz.edu|1230068|791-364-2293|100800|NULL
Abraham O. Simon|9123 Phasellus Rd.|Fort Collins|KS|94900|abraham.simon@hitmail.com|1230069|993-363-4988|37109|NULL
Brianna O. Perkins|617-4989 Tincidunt Ave|Thousand Oaks|MO|82977|NULL|1230070|988-881-1525|63954|NULL
Carly T. Grant|383-8015 Pharetra St.|Quincy|VT|36829|carly.grant@abc.edu|1230071|797-785-4656|31620|NULL
Raya R. Colon|314-6272 Pede. Rd.|Roanoke|NV|47184|raya.colon@xyz.edu|1230072|904-701-3858|63672|NULL
Aphrodite R. Klein|817-2516 Tristique Ave|Schaumburg|AK|52000|aphroditek@abc.edu|1230073|284-188-7981|86989|NULL
Hillary H. Atkins|3179 Vitae Rd.|Dearborn|KY|11377|hillarya@yohaa.com|1230074|677-696-0058|90227|NULL
Hoyt Y. Pierce|4468 A, St.|Muskegon|MO|77018|hoytp@widget.com|1230075|256-914-6732|94154|NULL
Forrest S. Rodgers|155-3751 Nam St.|Mesa|AK|52029|forrestr@bpmpros.com|1230076|148-394-1087|96395|NULL
Brent R. Beach|611-435 Nulla. Av.|Santa Fe|NY|62514|NULL|1230077|644-682-8760|94428|NULL
Indigo S. Rodgers|103-6762 Cras Av.|Roswell|NH|21983|NULL|1230078|507-141-6225|16490|NULL
Uma W. Martinez|Ap #916-1958 Risus. Road|Victoria|VA|45266|uma.martinez@xyz.edu|1230079|259-657-6083|40406|NULL
Callie H. Vaughan|P.O. Box 479, 8408 Egestas. Rd.|Parker|KS|28374|cvaughan@emailathome.net|1230080|642-892-4581|65497|NULL
Olivia U. Kelley|P.O. Box 950, 9029 Commodo Road|Danbury|LA|67596|okelley@aulnet|1230081|862-403-1036|66511|NULL
Deborah B. Pitts|8564 Tellus, St.|Norfolk|WV|11208|NULL|1230082|158-735-8750|101976|NULL
Kimberley N. Holland|P.O. Box 249, 6676 Quisque Ave|Laconia|AK|93614|kimberley.holland@abc.edu|1230083|924-982-6164|104299|NULL
Caldwell W. Lindsay|809-6577 Donec Avenue|New Kensington|WV|98191|lindsay@abc.edu|1230084|816-739-7113|50648|NULL
Quincy I. Singleton|P.O. Box 648, 3606 Nunc. Road|McAllen|MD|33231|quincy.singleton@yohaa.com|1230085|433-349-0897|20781|NULL
Brenda L. Blanchard|8016 Eget Avenue|Frederiksted|WA|48661|brendab@abc.edu|1230086|185-238-4534|68230|NULL
Chava G. Hobbs|717-4352 Pellentesque Rd.|Enid|MI|36284|hobbs@widget.com|1230087|946-931-0695|32204|NULL
Dillon T. Barton|P.O. Box 736, 250 Purus. Rd.|Greensboro|MD|86213|barton@abc.edu|1230088|507-444-3744|53667|NULL
Ignatius P. Aguirre|231-5292 Aliquam St.|Glendora|TX|29306|ignatiusa@emailathome.net|1230089|529-927-3707|66220|NULL
Lael Y. Burris|Ap #710-1895 Adipiscing St.|Staunton|TN|62892|burris@xyz.edu|1230090|208-728-7551|45156|NULL
Mona W. Santiago|2464 Luctus Avenue|Beaumont|KY|27944|NULL|1230091|224-454-3261|107706|NULL
Cheryl C. Richards|3724 Nibh Rd.|Phoenix|TX|95817|richards@bpmpros.com|1230092|611-134-3797|21371|NULL
Candace G. Glass|P.O. Box 299, 544 Diam Rd.|La Crosse|CT|95080|NULL|1230093|908-519-5439|36950|NULL
Connor H. Mooney|Ap #558-5214 Erat Avenue|Mesa|OR|89185|mooney@emailathome.net|1230094|376-274-7933|54576|NULL
Mariam Q. Dennis|2448 Nam Av.|Springfield|MS|04903|mdennis@aulnet|1230095|922-549-0765|58876|NULL
Levi U. Solomon|P.O. Box 693, 3665 Imperdiet Rd.|Texarkana|NJ|03118|levi.solomon@hitmail.com|1230096|112-944-4925|74913|NULL
Tanisha C. Barker|5048 Sagittis Avenue|Hope|UT|77358|tbarker@aulnet|1230097|769-562-6660|19195|NULL
Kiayada O. Dudley|Ap #342-6373 Ante St.|Laurel|DE|02670|kdudley@widget.com|1230098|929-799-2518|36813|NULL
Orli H. Vaughan|4634 Nunc St.|Galesburg|MA|98078|vaughan@yohaa.com|1230099|447-449-3182|45701|NULL
